{
  "version": 1,
  "texSize": [
    1617,
    1024
  ],
  "slots": [
    {
      "name": "lcd_door_left",
      "texArea": [
        0,
        0,
        1617,
        280
      ],
      "pos": [
        [
          [
            0.6690838149830016,
            2.214000292163165,
            -0.5
          ],
          [
            0.7769161850169983,
            2.059999707836835,
            -0.5
          ],
          [
            0.7769161850169983,
            2.059999707836835,
            0.5
          ],
          [
            0.6690838149830016,
            2.214000292163165,
            0.5
          ]
        ]
      ],
      "offsets": [
        [
          0,
          0,
          -10
        ],
        [
          0,
          0,
          -5
        ],
        [
          0,
          0,
          0
        ],
        [
          0,
          0,
          5
        ],
        [
          0,
          0,
          10
        ]
      ]
    },
    {
      "name": "lcd_door_right",
      "texArea": [
        0,
        512,
        1617,
        280
      ],
      "pos": [
        [
          [
            -0.6690838149830016,
            2.214000292163165,
            0.5
          ],
          [
            -0.7769161850169983,
            2.059999707836835,
            0.5
          ],
          [
            -0.7769161850169983,
            2.059999707836835,
            -0.5
          ],
          [
            -0.6690838149830016,
            2.214000292163165,
            -0.5
          ]
        ]
      ],
      "offsets": [
        [
          0,
          0,
          -10
        ],
        [
          0,
          0,
          -5
        ],
        [
          0,
          0,
          0
        ],
        [
          0,
          0,
          5
        ],
        [
          0,
          0,
          10
        ]
      ]
    }
  ]
}